{"farPlane": 192.762, "nearPlane": 4.74908, "eyePosition": [ -91.8515, -8.37068, 4.52654], "targetPosition": [-3.68141, -0.0944147, -29.8106], "upVector": [-0.197471, 0.939271, -0.28067]}
